-- phpMyAdmin SQL Dump
-- version 4.7.4
-- https://www.phpmyadmin.net/
--
-- Hôte : 127.0.0.1:3306
-- Généré le :  mar. 12 juin 2018 à 14:00
-- Version du serveur :  5.7.19
-- Version de PHP :  5.6.31

SET SQL_MODE = "NO_AUTO_VALUE_ON_ZERO";
SET AUTOCOMMIT = 0;
START TRANSACTION;
SET time_zone = "+00:00";


/*!40101 SET @OLD_CHARACTER_SET_CLIENT=@@CHARACTER_SET_CLIENT */;
/*!40101 SET @OLD_CHARACTER_SET_RESULTS=@@CHARACTER_SET_RESULTS */;
/*!40101 SET @OLD_COLLATION_CONNECTION=@@COLLATION_CONNECTION */;
/*!40101 SET NAMES utf8mb4 */;

--
-- Base de données :  `classicshopdb`
--

-- --------------------------------------------------------

--
-- Structure de la table `categories`
--

CREATE SCHEMA IF NOT EXISTS `ClassicShopDB` DEFAULT CHARACTER SET utf8 ;
USE `ClassicShopDB` ;

DROP TABLE IF EXISTS `categories`;
CREATE TABLE IF NOT EXISTS `categories` (
  `CategoryID` int(11) NOT NULL AUTO_INCREMENT,
  `CategoryName` varchar(45) NOT NULL,
  `Description` varchar(255) NOT NULL,
  PRIMARY KEY (`CategoryID`)
) ENGINE=InnoDB AUTO_INCREMENT=9 DEFAULT CHARSET=utf8;

--
-- Déchargement des données de la table `categories`
--

INSERT INTO `categories` (`CategoryID`, `CategoryName`, `Description`) VALUES
(1, 'Beverages', 'Soft drinks, coffees, teas, beers, and ales'),
(2, 'Condiments', 'Sweet and savory sauces, relishes, spreads, and seasonings'),
(3, 'Confections', 'Desserts, candies, and sweet breads'),
(4, 'Dairy Products', 'Cheeses'),
(5, 'Grains/Cereals', 'Breads, crackers, pasta, and cereal'),
(6, 'Meat/Poultry', 'Prepared meats'),
(7, 'Produce', 'Dried fruit and bean curd'),
(8, 'Seafood', 'Seaweed and fish');

-- --------------------------------------------------------

--
-- Structure de la table `customers`
--

DROP TABLE IF EXISTS `customers`;
CREATE TABLE IF NOT EXISTS `customers` (
  `CustomerID` int(11) NOT NULL AUTO_INCREMENT,
  `CustomerName` varchar(45) NOT NULL,
  `ContactName` varchar(45) NOT NULL,
  `Address` varchar(255) NOT NULL,
  `City` varchar(45) NOT NULL,
  `PostalCode` varchar(45) NOT NULL,
  `Country` varchar(45) NOT NULL,
  PRIMARY KEY (`CustomerID`)
) ENGINE=InnoDB AUTO_INCREMENT=92 DEFAULT CHARSET=utf8;

--
-- Déchargement des données de la table `customers`
--

INSERT INTO `customers` (`CustomerID`, `CustomerName`, `ContactName`, `Address`, `City`, `PostalCode`, `Country`) VALUES
(1, 'Alfreds Futterkiste', 'Maria Anders', 'Obere Str. 57', 'Berlin', '12209', 'Germany'),
(2, 'Ana Trujillo Emparedados y helados', 'Ana Trujillo', 'Avda. de la Constitucin 2222', 'Mxico D.F.', '05021', 'Mexico'),
(3, 'Antonio Moreno Taquera', 'Antonio Moreno', 'Mataderos 2312', 'Mxico D.F.', '05023', 'Mexico'),
(4, 'Around the Horn', 'Thomas Hardy', '120 Hanover Sq.', 'London', 'WA1 1DP', 'UK'),
(5, 'Berglunds snabbkp', 'Christina Berglund', 'Berguvsvgen 8', 'Lule', 'S-958 22', 'Sweden'),
(6, 'Blauer See Delikatessen', 'Hanna Moos', 'Forsterstr. 57', 'Mannheim', '68306', 'Germany'),
(7, 'Blondel pre et fils', 'Frdrique Citeaux', '24, place Klber', 'Strasbourg', '67000', 'France'),
(8, 'Blido Comidas preparadas', 'Martn Sommer', 'C/ Araquil, 67', 'Madrid', '28023', 'Spain'),
(9, 'Bon app\'', 'Laurence Lebihans', '12, rue des Bouchers', 'Marseille', '13008', 'France'),
(10, 'Bottom-Dollar Marketse', 'Elizabeth Lincoln', '23 Tsawassen Blvd.', 'Tsawassen', 'T2F 8M4', 'Canada'),
(11, 'B\'s Beverages', 'Victoria Ashworth', 'Fauntleroy Circus', 'London', 'EC2 5NT', 'UK'),
(12, 'Cactus Comidas para llevar', 'Patricio Simpson', 'Cerrito 333', 'Buenos Aires', '1010', 'Argentina'),
(13, 'Centro comercial Moctezuma', 'Francisco Chang', 'Sierras de Granada 9993', 'Mxico D.F.', '05022', 'Mexico'),
(14, 'Chop-suey Chinese', 'Yang Wang', 'Hauptstr. 29', 'Bern', '3012', 'Switzerland'),
(15, 'Comrcio Mineiro', 'Pedro Afonso', 'Av. dos Lusadas, 23', 'So Paulo', '05432-043', 'Brazil'),
(16, 'Consolidated Holdings', 'Elizabeth Brown', 'Berkeley Gardens 12 Brewery ', 'London', 'WX1 6LT', 'UK'),
(17, 'Drachenblut Delikatessend', 'Sven Ottlieb', 'Walserweg 21', 'Aachen', '52066', 'Germany'),
(18, 'Du monde entier', 'Janine Labrune', '67, rue des Cinquante Otages', 'Nantes', '44000', 'France'),
(19, 'Eastern Connection', 'Ann Devon', '35 King George', 'London', 'WX3 6FW', 'UK'),
(20, 'Ernst Handel', 'Roland Mendel', 'Kirchgasse 6', 'Graz', '8010', 'Austria'),
(21, 'Familia Arquibaldo', 'Aria Cruz', 'Rua Ors, 92', 'So Paulo', '05442-030', 'Brazil'),
(22, 'FISSA Fabrica Inter. Salchichas S.A.', 'Diego Roel', 'C/ Moralzarzal, 86', 'Madrid', '28034', 'Spain'),
(23, 'Folies gourmandes', 'Martine Ranc', '184, chausse de Tournai', 'Lille', '59000', 'France'),
(24, 'Folk och f HB', 'Maria Larsson', 'kergatan 24', 'Brcke', 'S-844 67', 'Sweden'),
(25, 'Frankenversand', 'Peter Franken', 'Berliner Platz 43', 'Mnchen', '80805', 'Germany'),
(26, 'France restauration', 'Carine Schmitt', '54, rue Royale', 'Nantes', '44000', 'France'),
(27, 'Franchi S.p.A.', 'Paolo Accorti', 'Via Monte Bianco 34', 'Torino', '10100', 'Italy'),
(28, 'Furia Bacalhau e Frutos do Mar', 'Lino Rodriguez ', 'Jardim das rosas n. 32', 'Lisboa', '1675', 'Portugal'),
(29, 'Galera del gastrnomo', 'Eduardo Saavedra', 'Rambla de Catalua, 23', 'Barcelona', '08022', 'Spain'),
(30, 'Godos Cocina Tpica', 'Jos Pedro Freyre', 'C/ Romero, 33', 'Sevilla', '41101', 'Spain'),
(31, 'Gourmet Lanchonetes', 'Andr Fonseca', 'Av. Brasil, 442', 'Campinas', '04876-786', 'Brazil'),
(32, 'Great Lakes Food Market', 'Howard Snyder', '2732 Baker Blvd.', 'Eugene', '97403', 'USA'),
(33, 'GROSELLA-Restaurante', 'Manuel Pereira', '5 Ave. Los Palos Grandes', 'Caracas', '1081', 'Venezuela'),
(34, 'Hanari Carnes', 'Mario Pontes', 'Rua do Pao, 67', 'Rio de Janeiro', '05454-876', 'Brazil'),
(35, 'HILARIN-Abastos', 'Carlos Hernndez', 'Carrera 22 con Ave. Carlos Soublette #8-35', 'San Cristbal', '5022', 'Venezuela'),
(36, 'Hungry Coyote Import Store', 'Yoshi Latimer', 'City Center Plaza 516 Main St.', 'Elgin', '97827', 'USA'),
(37, 'Hungry Owl All-Night Grocers', 'Patricia McKenna', '8 Johnstown Road', 'Cork', '', 'Ireland'),
(38, 'Island Trading', 'Helen Bennett', 'Garden House Crowther Way', 'Cowes', 'PO31 7PJ', 'UK'),
(39, 'Kniglich Essen', 'Philip Cramer', 'Maubelstr. 90', 'Brandenburg', '14776', 'Germany'),
(40, 'La corne d\'abondance', 'Daniel Tonini', '67, avenue de l\'Europe', 'Versailles', '78000', 'France'),
(41, 'La maison d\'Asie', 'Annette Roulet', '1 rue Alsace-Lorraine', 'Toulouse', '31000', 'France'),
(42, 'Laughing Bacchus Wine Cellars', 'Yoshi Tannamuri', '1900 Oak St.', 'Vancouver', 'V3F 2K1', 'Canada'),
(43, 'Lazy K Kountry Store', 'John Steel', '12 Orchestra Terrace', 'Walla Walla', '99362', 'USA'),
(44, 'Lehmanns Marktstand', 'Renate Messner', 'Magazinweg 7', 'Frankfurt a.M. ', '60528', 'Germany'),
(45, 'Let\'s Stop N Shop', 'Jaime Yorres', '87 Polk St. Suite 5', 'San Francisco', '94117', 'USA'),
(46, 'LILA-Supermercado', 'Carlos Gonzlez', 'Carrera 52 con Ave. Bolvar #65-98 Llano Largo', 'Barquisimeto', '3508', 'Venezuela'),
(47, 'LINO-Delicateses', 'Felipe Izquierdo', 'Ave. 5 de Mayo Porlamar', 'I. de Margarita', '4980', 'Venezuela'),
(48, 'Lonesome Pine Restaurant', 'Fran Wilson', '89 Chiaroscuro Rd.', 'Portland', '97219', 'USA'),
(49, 'Magazzini Alimentari Riuniti', 'Giovanni Rovelli', 'Via Ludovico il Moro 22', 'Bergamo', '24100', 'Italy'),
(50, 'Maison Dewey', 'Catherine Dewey', 'Rue Joseph-Bens 532', 'Bruxelles', 'B-1180', 'Belgium'),
(51, 'Mre Paillarde', 'Jean Fresnire', '43 rue St. Laurent', 'Montral', 'H1J 1C3', 'Canada'),
(52, 'Morgenstern Gesundkost', 'Alexander Feuer', 'Heerstr. 22', 'Leipzig', '04179', 'Germany'),
(53, 'North/South', 'Simon Crowther', 'South House 300 Queensbridge', 'London', 'SW7 1RZ', 'UK'),
(54, 'Ocano Atlntico Ltda.', 'Yvonne Moncada', 'Ing. Gustavo Moncada 8585 Piso 20-A', 'Buenos Aires', '1010', 'Argentina'),
(55, 'Old World Delicatessen', 'Rene Phillips', '2743 Bering St.', 'Anchorage', '99508', 'USA'),
(56, 'Ottilies Kseladen', 'Henriette Pfalzheim', 'Mehrheimerstr. 369', 'Kln', '50739', 'Germany'),
(57, 'Paris spcialits', 'Marie Bertrand', '265, boulevard Charonne', 'Paris', '75012', 'France'),
(58, 'Pericles Comidas clsicas', 'Guillermo Fernndez', 'Calle Dr. Jorge Cash 321', 'Mxico D.F.', '05033', 'Mexico'),
(59, 'Piccolo und mehr', 'Georg Pipps', 'Geislweg 14', 'Salzburg', '5020', 'Austria'),
(60, 'Princesa Isabel Vinhoss', 'Isabel de Castro', 'Estrada da sade n. 58', 'Lisboa', '1756', 'Portugal'),
(61, 'Que Delcia', 'Bernardo Batista', 'Rua da Panificadora, 12', 'Rio de Janeiro', '02389-673', 'Brazil'),
(62, 'Queen Cozinha', 'Lcia Carvalho', 'Alameda dos Canrios, 891', 'So Paulo', '05487-020', 'Brazil'),
(63, 'QUICK-Stop', 'Horst Kloss', 'Taucherstrae 10', 'Cunewalde', '01307', 'Germany'),
(64, 'Rancho grande', 'Sergio Gutirrez', 'Av. del Libertador 900', 'Buenos Aires', '1010', 'Argentina'),
(65, 'Rattlesnake Canyon Grocery', 'Paula Wilson', '2817 Milton Dr.', 'Albuquerque', '87110', 'USA'),
(66, 'Reggiani Caseifici', 'Maurizio Moroni', 'Strada Provinciale 124', 'Reggio Emilia', '42100', 'Italy'),
(67, 'Ricardo Adocicados', 'Janete Limeira', 'Av. Copacabana, 267', 'Rio de Janeiro', '02389-890', 'Brazil'),
(68, 'Richter Supermarkt', 'Michael Holz', 'Grenzacherweg 237', 'Genve', '1203', 'Switzerland'),
(69, 'Romero y tomillo', 'Alejandra Camino', 'Gran Va, 1', 'Madrid', '28001', 'Spain'),
(70, 'Sant Gourmet', 'Jonas Bergulfsen', 'Erling Skakkes gate 78', 'Stavern', '4110', 'Norway'),
(71, 'Save-a-lot Markets', 'Jose Pavarotti', '187 Suffolk Ln.', 'Boise', '83720', 'USA'),
(72, 'Seven Seas Imports', 'Hari Kumar', '90 Wadhurst Rd.', 'London', 'OX15 4NB', 'UK'),
(73, 'Simons bistro', 'Jytte Petersen', 'Vinbltet 34', 'Kbenhavn', '1734', 'Denmark'),
(74, 'Spcialits du monde', 'Dominique Perrier', '25, rue Lauriston', 'Paris', '75016', 'France'),
(75, 'Split Rail Beer & Ale', 'Art Braunschweiger', 'P.O. Box 555', 'Lander', '82520', 'USA'),
(76, 'Suprmes dlices', 'Pascale Cartrain', 'Boulevard Tirou, 255', 'Charleroi', 'B-6000', 'Belgium'),
(77, 'The Big Cheese', 'Liz Nixon', '89 Jefferson Way Suite 2', 'Portland', '97201', 'USA'),
(78, 'The Cracker Box', 'Liu Wong', '55 Grizzly Peak Rd.', 'Butte', '59801', 'USA'),
(79, 'Toms Spezialitten', 'Karin Josephs', 'Luisenstr. 48', 'Mnster', '44087', 'Germany'),
(80, 'Tortuga Restaurante', 'Miguel Angel Paolino', 'Avda. Azteca 123', 'Mxico D.F.', '05033', 'Mexico'),
(81, 'Tradio Hipermercados', 'Anabela Domingues', 'Av. Ins de Castro, 414', 'So Paulo', '05634-030', 'Brazil'),
(82, 'Trail\'s Head Gourmet Provisioners', 'Helvetius Nagy', '722 DaVinci Blvd.', 'Kirkland', '98034', 'USA'),
(83, 'Vaffeljernet', 'Palle Ibsen', 'Smagslget 45', 'rhus', '8200', 'Denmark'),
(84, 'Victuailles en stock', 'Mary Saveley', '2, rue du Commerce', 'Lyon', '69004', 'France'),
(85, 'Vins et alcools Chevalier', 'Paul Henriot', '59 rue de l\'Abbaye', 'Reims', '51100', 'France'),
(86, 'Die Wandernde Kuh', 'Rita Mller', 'Adenauerallee 900', 'Stuttgart', '70563', 'Germany'),
(87, 'Wartian Herkku', 'Pirkko Koskitalo', 'Torikatu 38', 'Oulu', '90110', 'Finland'),
(88, 'Wellington Importadora', 'Paula Parente', 'Rua do Mercado, 12', 'Resende', '08737-363', 'Brazil'),
(89, 'White Clover Markets', 'Karl Jablonski', '305 - 14th Ave. S. Suite 3B', 'Seattle', '98128', 'USA'),
(90, 'Wilman Kala', 'Matti Karttunen', 'Keskuskatu 45', 'Helsinki', '21240', 'Finland'),
(91, 'Wolski', 'Zbyszek', 'ul. Filtrowa 68', 'Walla', '01-012', 'Poland');

-- --------------------------------------------------------

--
-- Structure de la table `employees`
--

DROP TABLE IF EXISTS `employees`;
CREATE TABLE IF NOT EXISTS `employees` (
  `EmployeeID` int(11) NOT NULL AUTO_INCREMENT,
  `LastName` varchar(45) NOT NULL,
  `FirstName` varchar(45) NOT NULL,
  `BirthDate` varchar(45) NOT NULL,
  `Photo` varchar(45) NOT NULL,
  `Notes` varchar(2000) NOT NULL,
  PRIMARY KEY (`EmployeeID`)
) ENGINE=InnoDB AUTO_INCREMENT=11 DEFAULT CHARSET=utf8;

--
-- Déchargement des données de la table `employees`
--

INSERT INTO `employees` (`EmployeeID`, `LastName`, `FirstName`, `BirthDate`, `Photo`, `Notes`) VALUES
(1, 'Davolio', 'Nancy', '12/8/1968', 'EmpID1.pic', 'Education includes a BA in psychology from Colorado State University. She also completed (The Art of the Cold Call). Nancy is a member of \'Toastmasters International\'.'),
(2, 'Fuller', 'Andrew', '2/19/1952', 'EmpID2.pic', 'Andrew received his BTS commercial and a Ph.D. in international marketing from the University of Dallas. He is fluent in French and Italian and reads German. He joined the company as a sales representative, was promoted to sales manager and was then named vice president of sales. Andrew is a member of the Sales Management Roundtable, the Seattle Chamber of Commerce, and the Pacific Rim Importers Association.'),
(3, 'Leverling', 'Janet', '8/30/1963', 'EmpID3.pic', 'Janet has a BS degree in chemistry from Boston College). She has also completed a certificate program in food retailing management. Janet was hired as a sales associate and was promoted to sales representative.'),
(4, 'Peacock', 'Margaret', '9/19/1958', 'EmpID4.pic', 'Margaret holds a BA in English literature from Concordia College and an MA from the American Institute of Culinary Arts. She was temporarily assigned to the London office before returning to her permanent post in Seattle.'),
(5, 'Buchanan', 'Steven', '3/4/1955', 'EmpID5.pic', 'Steven Buchanan graduated from St. Andrews University, Scotland, with a BSC degree. Upon joining the company as a sales representative, he spent 6 months in an orientation program at the Seattle office and then returned to his permanent post in London, where he was promoted to sales manager. Mr. Buchanan has completed the courses \'Successful Telemarketing\' and \'International Sales Management\'. He is fluent in French.'),
(6, 'Suyama', 'Michael', '7/2/1963', 'EmpID6.pic', 'Michael is a graduate of Sussex University (MA, economics) and the University of California at Los Angeles (MBA, marketing). He has also taken the courses \'Multi-Cultural Selling\' and \'Time Management for the Sales Professional\'. He is fluent in Japanese and can read and write French, Portuguese, and Spanish.'),
(7, 'King', 'Robert', '5/29/1960', 'EmpID7.pic', 'Robert King served in the Peace Corps and traveled extensively before completing his degree in English at the University of Michigan and then joining the company. After completing a course entitled \'Selling in Europe\', he was transferred to the London office.'),
(8, 'Callahan', 'Laura', '1/9/1958', 'EmpID8.pic', 'Laura received a BA in psychology from the University of Washington. She has also completed a course in business French. She reads and writes French.'),
(9, 'Dodsworth', 'Anne', '7/2/1969', 'EmpID9.pic', 'Anne has a BA degree in English from St. Lawrence College. She is fluent in French and German.'),
(10, 'West', 'Adam', '9/19/1928', 'EmpID10.pic', 'An old chum');

-- --------------------------------------------------------

--
-- Structure de la table `orderdetails`
--

DROP TABLE IF EXISTS `orderdetails`;
CREATE TABLE IF NOT EXISTS `orderdetails` (
  `OrderDetailID` int(11) NOT NULL AUTO_INCREMENT,
  `OrderID` int(11) NOT NULL,
  `ProductID` int(11) NOT NULL,
  `Quantity` int(11) UNSIGNED ZEROFILL NOT NULL,
  PRIMARY KEY (`OrderDetailID`),
  KEY `fk_OrderDetails_Orders1_idx` (`OrderID`),
  KEY `fk_OrderDetails_Products1_idx` (`ProductID`)
) ENGINE=InnoDB AUTO_INCREMENT=519 DEFAULT CHARSET=utf8;

--
-- Déchargement des données de la table `orderdetails`
--

INSERT INTO `orderdetails` (`OrderDetailID`, `OrderID`, `ProductID`, `Quantity`) VALUES
(1, 10248, 11, 00000000012),
(2, 10248, 42, 00000000010),
(3, 10248, 72, 00000000005),
(4, 10249, 14, 00000000009),
(5, 10249, 51, 00000000040),
(6, 10250, 41, 00000000010),
(7, 10250, 51, 00000000035),
(8, 10250, 65, 00000000015),
(9, 10251, 22, 00000000006),
(10, 10251, 57, 00000000015),
(11, 10251, 65, 00000000020),
(12, 10252, 20, 00000000040),
(13, 10252, 33, 00000000025),
(14, 10252, 60, 00000000040),
(15, 10253, 31, 00000000020),
(16, 10253, 39, 00000000042),
(17, 10253, 49, 00000000040),
(18, 10254, 24, 00000000015),
(19, 10254, 55, 00000000021),
(20, 10254, 74, 00000000021),
(21, 10255, 2, 00000000020),
(22, 10255, 16, 00000000035),
(23, 10255, 36, 00000000025),
(24, 10255, 59, 00000000030),
(25, 10256, 53, 00000000015),
(26, 10256, 77, 00000000012),
(27, 10257, 27, 00000000025),
(28, 10257, 39, 00000000006),
(29, 10257, 77, 00000000015),
(30, 10258, 2, 00000000050),
(31, 10258, 5, 00000000065),
(32, 10258, 32, 00000000006),
(33, 10259, 21, 00000000010),
(34, 10259, 37, 00000000001),
(35, 10260, 41, 00000000016),
(36, 10260, 57, 00000000050),
(37, 10260, 62, 00000000015),
(38, 10260, 70, 00000000021),
(39, 10261, 21, 00000000020),
(40, 10261, 35, 00000000020),
(41, 10262, 5, 00000000012),
(42, 10262, 7, 00000000015),
(43, 10262, 56, 00000000002),
(44, 10263, 16, 00000000060),
(45, 10263, 24, 00000000028),
(46, 10263, 30, 00000000060),
(47, 10263, 74, 00000000036),
(48, 10264, 2, 00000000035),
(49, 10264, 41, 00000000025),
(50, 10265, 17, 00000000030),
(51, 10265, 70, 00000000020),
(52, 10266, 12, 00000000012),
(53, 10267, 40, 00000000050),
(54, 10267, 59, 00000000070),
(55, 10267, 76, 00000000015),
(56, 10268, 29, 00000000010),
(57, 10268, 72, 00000000004),
(58, 10269, 33, 00000000060),
(59, 10269, 72, 00000000020),
(60, 10270, 36, 00000000030),
(61, 10270, 43, 00000000025),
(62, 10271, 33, 00000000024),
(63, 10272, 20, 00000000006),
(64, 10272, 31, 00000000040),
(65, 10272, 72, 00000000024),
(66, 10273, 10, 00000000024),
(67, 10273, 31, 00000000015),
(68, 10273, 33, 00000000020),
(69, 10273, 40, 00000000060),
(70, 10273, 76, 00000000033),
(71, 10274, 71, 00000000020),
(72, 10274, 72, 00000000007),
(73, 10275, 24, 00000000012),
(74, 10275, 59, 00000000006),
(75, 10276, 10, 00000000015),
(76, 10276, 13, 00000000010),
(77, 10277, 28, 00000000020),
(78, 10277, 62, 00000000012),
(79, 10278, 44, 00000000016),
(80, 10278, 59, 00000000015),
(81, 10278, 63, 00000000008),
(82, 10278, 73, 00000000025),
(83, 10279, 17, 00000000015),
(84, 10280, 24, 00000000012),
(85, 10280, 55, 00000000020),
(86, 10280, 75, 00000000030),
(87, 10281, 19, 00000000001),
(88, 10281, 24, 00000000006),
(89, 10281, 35, 00000000004),
(90, 10282, 30, 00000000006),
(91, 10282, 57, 00000000002),
(92, 10283, 15, 00000000020),
(93, 10283, 19, 00000000018),
(94, 10283, 60, 00000000035),
(95, 10283, 72, 00000000003),
(96, 10284, 27, 00000000015),
(97, 10284, 44, 00000000021),
(98, 10284, 60, 00000000020),
(99, 10284, 67, 00000000005),
(100, 10285, 1, 00000000045),
(101, 10285, 40, 00000000040),
(102, 10285, 53, 00000000036),
(103, 10286, 35, 00000000100),
(104, 10286, 62, 00000000040),
(105, 10287, 16, 00000000040),
(106, 10287, 34, 00000000020),
(107, 10287, 46, 00000000015),
(108, 10288, 54, 00000000010),
(109, 10288, 68, 00000000003),
(110, 10289, 3, 00000000030),
(111, 10289, 64, 00000000009),
(112, 10290, 5, 00000000020),
(113, 10290, 29, 00000000015),
(114, 10290, 49, 00000000015),
(115, 10290, 77, 00000000010),
(116, 10291, 13, 00000000020),
(117, 10291, 44, 00000000024),
(118, 10291, 51, 00000000002),
(119, 10292, 20, 00000000020),
(120, 10293, 18, 00000000012),
(121, 10293, 24, 00000000010),
(122, 10293, 63, 00000000005),
(123, 10293, 75, 00000000006),
(124, 10294, 1, 00000000018),
(125, 10294, 17, 00000000015),
(126, 10294, 43, 00000000015),
(127, 10294, 60, 00000000021),
(128, 10294, 75, 00000000006),
(129, 10295, 56, 00000000004),
(130, 10296, 11, 00000000012),
(131, 10296, 16, 00000000030),
(132, 10296, 69, 00000000015),
(133, 10297, 39, 00000000060),
(134, 10297, 72, 00000000020),
(135, 10298, 2, 00000000040),
(136, 10298, 36, 00000000040),
(137, 10298, 59, 00000000030),
(138, 10298, 62, 00000000015),
(139, 10299, 19, 00000000015),
(140, 10299, 70, 00000000020),
(141, 10300, 66, 00000000030),
(142, 10300, 68, 00000000020),
(143, 10301, 40, 00000000010),
(144, 10301, 56, 00000000020),
(145, 10302, 17, 00000000040),
(146, 10302, 28, 00000000028),
(147, 10302, 43, 00000000012),
(148, 10303, 40, 00000000040),
(149, 10303, 65, 00000000030),
(150, 10303, 68, 00000000015),
(151, 10304, 49, 00000000030),
(152, 10304, 59, 00000000010),
(153, 10304, 71, 00000000002),
(154, 10305, 18, 00000000025),
(155, 10305, 29, 00000000025),
(156, 10305, 39, 00000000030),
(157, 10306, 30, 00000000010),
(158, 10306, 53, 00000000010),
(159, 10306, 54, 00000000005),
(160, 10307, 62, 00000000010),
(161, 10307, 68, 00000000003),
(162, 10308, 69, 00000000001),
(163, 10308, 70, 00000000005),
(164, 10309, 4, 00000000020),
(165, 10309, 6, 00000000030),
(166, 10309, 42, 00000000002),
(167, 10309, 43, 00000000020),
(168, 10309, 71, 00000000003),
(169, 10310, 16, 00000000010),
(170, 10310, 62, 00000000005),
(171, 10311, 42, 00000000006),
(172, 10311, 69, 00000000007),
(173, 10312, 28, 00000000004),
(174, 10312, 43, 00000000024),
(175, 10312, 53, 00000000020),
(176, 10312, 75, 00000000010),
(177, 10313, 36, 00000000012),
(178, 10314, 32, 00000000040),
(179, 10314, 58, 00000000030),
(180, 10314, 62, 00000000025),
(181, 10315, 34, 00000000014),
(182, 10315, 70, 00000000030),
(183, 10316, 41, 00000000010),
(184, 10316, 62, 00000000070),
(185, 10317, 1, 00000000020),
(186, 10318, 41, 00000000020),
(187, 10318, 76, 00000000006),
(188, 10319, 17, 00000000008),
(189, 10319, 28, 00000000014),
(190, 10319, 76, 00000000030),
(191, 10320, 71, 00000000030),
(192, 10321, 35, 00000000010),
(193, 10322, 52, 00000000020),
(194, 10323, 15, 00000000005),
(195, 10323, 25, 00000000004),
(196, 10323, 39, 00000000004),
(197, 10324, 16, 00000000021),
(198, 10324, 35, 00000000070),
(199, 10324, 46, 00000000030),
(200, 10324, 59, 00000000040),
(201, 10324, 63, 00000000080),
(202, 10325, 6, 00000000006),
(203, 10325, 13, 00000000012),
(204, 10325, 14, 00000000009),
(205, 10325, 31, 00000000004),
(206, 10325, 72, 00000000040),
(207, 10326, 4, 00000000024),
(208, 10326, 57, 00000000016),
(209, 10326, 75, 00000000050),
(210, 10327, 2, 00000000025),
(211, 10327, 11, 00000000050),
(212, 10327, 30, 00000000035),
(213, 10327, 58, 00000000030),
(214, 10328, 59, 00000000009),
(215, 10328, 65, 00000000040),
(216, 10328, 68, 00000000010),
(217, 10329, 19, 00000000010),
(218, 10329, 30, 00000000008),
(219, 10329, 38, 00000000020),
(220, 10329, 56, 00000000012),
(221, 10330, 26, 00000000050),
(222, 10330, 72, 00000000025),
(223, 10331, 54, 00000000015),
(224, 10332, 18, 00000000040),
(225, 10332, 42, 00000000010),
(226, 10332, 47, 00000000016),
(227, 10333, 14, 00000000010),
(228, 10333, 21, 00000000010),
(229, 10333, 71, 00000000040),
(230, 10334, 52, 00000000008),
(231, 10334, 68, 00000000010),
(232, 10335, 2, 00000000007),
(233, 10335, 31, 00000000025),
(234, 10335, 32, 00000000006),
(235, 10335, 51, 00000000048),
(236, 10336, 4, 00000000018),
(237, 10337, 23, 00000000040),
(238, 10337, 26, 00000000024),
(239, 10337, 36, 00000000020),
(240, 10337, 37, 00000000028),
(241, 10337, 72, 00000000025),
(242, 10338, 17, 00000000020),
(243, 10338, 30, 00000000015),
(244, 10339, 4, 00000000010),
(245, 10339, 17, 00000000070),
(246, 10339, 62, 00000000028),
(247, 10340, 18, 00000000020),
(248, 10340, 41, 00000000012),
(249, 10340, 43, 00000000040),
(250, 10341, 33, 00000000008),
(251, 10341, 59, 00000000009),
(252, 10342, 2, 00000000024),
(253, 10342, 31, 00000000056),
(254, 10342, 36, 00000000040),
(255, 10342, 55, 00000000040),
(256, 10343, 64, 00000000050),
(257, 10343, 68, 00000000004),
(258, 10343, 76, 00000000015),
(259, 10344, 4, 00000000035),
(260, 10344, 8, 00000000070),
(261, 10345, 8, 00000000070),
(262, 10345, 19, 00000000080),
(263, 10345, 42, 00000000009),
(264, 10346, 17, 00000000036),
(265, 10346, 56, 00000000020),
(266, 10347, 25, 00000000010),
(267, 10347, 39, 00000000050),
(268, 10347, 40, 00000000004),
(269, 10347, 75, 00000000006),
(270, 10348, 1, 00000000015),
(271, 10348, 23, 00000000025),
(272, 10349, 54, 00000000024),
(273, 10350, 50, 00000000015),
(274, 10350, 69, 00000000018),
(275, 10351, 38, 00000000020),
(276, 10351, 41, 00000000013),
(277, 10351, 44, 00000000077),
(278, 10351, 65, 00000000010),
(279, 10352, 24, 00000000010),
(280, 10352, 54, 00000000020),
(281, 10353, 11, 00000000012),
(282, 10353, 38, 00000000050),
(283, 10354, 1, 00000000012),
(284, 10354, 29, 00000000004),
(285, 10355, 24, 00000000025),
(286, 10355, 57, 00000000025),
(287, 10356, 31, 00000000030),
(288, 10356, 55, 00000000012),
(289, 10356, 69, 00000000020),
(290, 10357, 10, 00000000030),
(291, 10357, 26, 00000000016),
(292, 10357, 60, 00000000008),
(293, 10358, 24, 00000000010),
(294, 10358, 34, 00000000010),
(295, 10358, 36, 00000000020),
(296, 10359, 16, 00000000056),
(297, 10359, 31, 00000000070),
(298, 10359, 60, 00000000080),
(299, 10360, 28, 00000000030),
(300, 10360, 29, 00000000035),
(301, 10360, 38, 00000000010),
(302, 10360, 49, 00000000035),
(303, 10360, 54, 00000000028),
(304, 10361, 39, 00000000054),
(305, 10361, 60, 00000000055),
(306, 10362, 25, 00000000050),
(307, 10362, 51, 00000000020),
(308, 10362, 54, 00000000024),
(309, 10363, 31, 00000000020),
(310, 10363, 75, 00000000012),
(311, 10363, 76, 00000000012),
(312, 10364, 69, 00000000030),
(313, 10364, 71, 00000000005),
(314, 10365, 11, 00000000024),
(315, 10366, 65, 00000000005),
(316, 10366, 77, 00000000005),
(317, 10367, 34, 00000000036),
(318, 10367, 54, 00000000018),
(319, 10367, 65, 00000000015),
(320, 10367, 77, 00000000007),
(321, 10368, 21, 00000000005),
(322, 10368, 28, 00000000013),
(323, 10368, 57, 00000000025),
(324, 10368, 64, 00000000035),
(325, 10369, 29, 00000000020),
(326, 10369, 56, 00000000018),
(327, 10370, 1, 00000000015),
(328, 10370, 64, 00000000030),
(329, 10370, 74, 00000000020),
(330, 10371, 36, 00000000006),
(331, 10372, 20, 00000000012),
(332, 10372, 38, 00000000040),
(333, 10372, 60, 00000000070),
(334, 10372, 72, 00000000042),
(335, 10373, 58, 00000000080),
(336, 10373, 71, 00000000050),
(337, 10374, 31, 00000000030),
(338, 10374, 58, 00000000015),
(339, 10375, 14, 00000000015),
(340, 10375, 54, 00000000010),
(341, 10376, 31, 00000000042),
(342, 10377, 28, 00000000020),
(343, 10377, 39, 00000000020),
(344, 10378, 71, 00000000006),
(345, 10379, 41, 00000000008),
(346, 10379, 63, 00000000016),
(347, 10379, 65, 00000000020),
(348, 10380, 30, 00000000018),
(349, 10380, 53, 00000000020),
(350, 10380, 60, 00000000006),
(351, 10380, 70, 00000000030),
(352, 10381, 74, 00000000014),
(353, 10382, 5, 00000000032),
(354, 10382, 18, 00000000009),
(355, 10382, 29, 00000000014),
(356, 10382, 33, 00000000060),
(357, 10382, 74, 00000000050),
(358, 10383, 13, 00000000020),
(359, 10383, 50, 00000000015),
(360, 10383, 56, 00000000020),
(361, 10384, 20, 00000000028),
(362, 10384, 60, 00000000015),
(363, 10385, 7, 00000000010),
(364, 10385, 60, 00000000020),
(365, 10385, 68, 00000000008),
(366, 10386, 24, 00000000015),
(367, 10386, 34, 00000000010),
(368, 10387, 24, 00000000015),
(369, 10387, 28, 00000000006),
(370, 10387, 59, 00000000012),
(371, 10387, 71, 00000000015),
(372, 10388, 45, 00000000015),
(373, 10388, 52, 00000000020),
(374, 10388, 53, 00000000040),
(375, 10389, 10, 00000000016),
(376, 10389, 55, 00000000015),
(377, 10389, 62, 00000000020),
(378, 10389, 70, 00000000030),
(379, 10390, 31, 00000000060),
(380, 10390, 35, 00000000040),
(381, 10390, 46, 00000000045),
(382, 10390, 72, 00000000024),
(383, 10391, 13, 00000000018),
(384, 10392, 69, 00000000050),
(385, 10393, 2, 00000000025),
(386, 10393, 14, 00000000042),
(387, 10393, 25, 00000000007),
(388, 10393, 26, 00000000070),
(389, 10393, 31, 00000000032),
(390, 10394, 13, 00000000010),
(391, 10394, 62, 00000000010),
(392, 10395, 46, 00000000028),
(393, 10395, 53, 00000000070),
(394, 10395, 69, 00000000008),
(395, 10396, 23, 00000000040),
(396, 10396, 71, 00000000060),
(397, 10396, 72, 00000000021),
(398, 10397, 21, 00000000010),
(399, 10397, 51, 00000000018),
(400, 10398, 35, 00000000030),
(401, 10398, 55, 00000000120),
(402, 10399, 68, 00000000060),
(403, 10399, 71, 00000000030),
(404, 10399, 76, 00000000035),
(405, 10399, 77, 00000000014),
(406, 10400, 29, 00000000021),
(407, 10400, 35, 00000000035),
(408, 10400, 49, 00000000030),
(409, 10401, 30, 00000000018),
(410, 10401, 56, 00000000070),
(411, 10401, 65, 00000000020),
(412, 10401, 71, 00000000060),
(413, 10402, 23, 00000000060),
(414, 10402, 63, 00000000065),
(415, 10403, 16, 00000000021),
(416, 10403, 48, 00000000070),
(417, 10404, 26, 00000000030),
(418, 10404, 42, 00000000040),
(419, 10404, 49, 00000000030),
(420, 10405, 3, 00000000050),
(421, 10406, 1, 00000000010),
(422, 10406, 21, 00000000030),
(423, 10406, 28, 00000000042),
(424, 10406, 36, 00000000005),
(425, 10406, 40, 00000000002),
(426, 10407, 11, 00000000030),
(427, 10407, 69, 00000000015),
(428, 10407, 71, 00000000015),
(429, 10408, 37, 00000000010),
(430, 10408, 54, 00000000006),
(431, 10408, 62, 00000000035),
(432, 10409, 14, 00000000012),
(433, 10409, 21, 00000000012),
(434, 10410, 33, 00000000049),
(435, 10410, 59, 00000000016),
(436, 10411, 41, 00000000025),
(437, 10411, 44, 00000000040),
(438, 10411, 59, 00000000009),
(439, 10412, 14, 00000000020),
(440, 10413, 1, 00000000024),
(441, 10413, 62, 00000000040),
(442, 10413, 76, 00000000014),
(443, 10414, 19, 00000000018),
(444, 10414, 33, 00000000050),
(445, 10415, 17, 00000000002),
(446, 10415, 33, 00000000020),
(447, 10416, 19, 00000000020),
(448, 10416, 53, 00000000010),
(449, 10416, 57, 00000000020),
(450, 10417, 38, 00000000050),
(451, 10417, 46, 00000000002),
(452, 10417, 68, 00000000036),
(453, 10417, 77, 00000000035),
(454, 10418, 2, 00000000060),
(455, 10418, 47, 00000000055),
(456, 10418, 61, 00000000016),
(457, 10418, 74, 00000000015),
(458, 10419, 60, 00000000060),
(459, 10419, 69, 00000000020),
(460, 10420, 9, 00000000020),
(461, 10420, 13, 00000000002),
(462, 10420, 70, 00000000008),
(463, 10420, 73, 00000000020),
(464, 10421, 19, 00000000004),
(465, 10421, 26, 00000000030),
(466, 10421, 53, 00000000015),
(467, 10421, 77, 00000000010),
(468, 10422, 26, 00000000002),
(469, 10423, 31, 00000000014),
(470, 10423, 59, 00000000020),
(471, 10424, 35, 00000000060),
(472, 10424, 38, 00000000049),
(473, 10424, 68, 00000000030),
(474, 10425, 55, 00000000010),
(475, 10425, 76, 00000000020),
(476, 10426, 56, 00000000005),
(477, 10426, 64, 00000000007),
(478, 10427, 14, 00000000035),
(479, 10428, 46, 00000000020),
(480, 10429, 50, 00000000040),
(481, 10429, 63, 00000000035),
(482, 10430, 17, 00000000045),
(483, 10430, 21, 00000000050),
(484, 10430, 56, 00000000030),
(485, 10430, 59, 00000000070),
(486, 10431, 17, 00000000050),
(487, 10431, 40, 00000000050),
(488, 10431, 47, 00000000030),
(489, 10432, 26, 00000000010),
(490, 10432, 54, 00000000040),
(491, 10433, 56, 00000000028),
(492, 10434, 11, 00000000006),
(493, 10434, 76, 00000000018),
(494, 10435, 2, 00000000010),
(495, 10435, 22, 00000000012),
(496, 10435, 72, 00000000010),
(497, 10436, 46, 00000000005),
(498, 10436, 56, 00000000040),
(499, 10436, 64, 00000000030),
(500, 10436, 75, 00000000024),
(501, 10437, 53, 00000000015),
(502, 10438, 19, 00000000015),
(503, 10438, 34, 00000000020),
(504, 10438, 57, 00000000015),
(505, 10439, 12, 00000000015),
(506, 10439, 16, 00000000016),
(507, 10439, 64, 00000000006),
(508, 10439, 74, 00000000030),
(509, 10440, 2, 00000000045),
(510, 10440, 16, 00000000049),
(511, 10440, 29, 00000000024),
(512, 10440, 61, 00000000090),
(513, 10441, 27, 00000000050),
(514, 10442, 11, 00000000030),
(515, 10442, 54, 00000000080),
(516, 10442, 66, 00000000060),
(517, 10443, 11, 00000000006),
(518, 10443, 28, 00000000012);

-- --------------------------------------------------------

--
-- Structure de la table `orders`
--

DROP TABLE IF EXISTS `orders`;
CREATE TABLE IF NOT EXISTS `orders` (
  `OrderID` int(11) NOT NULL AUTO_INCREMENT,
  `CustomerID` int(11) NOT NULL,
  `EmployeeID` int(11) NOT NULL,
  `OrderDate` varchar(45) NOT NULL,
  `ShipperID` int(11) NOT NULL,
  PRIMARY KEY (`OrderID`),
  KEY `fk_Orders_Customers1_idx` (`CustomerID`),
  KEY `fk_Orders_Employees1_idx` (`EmployeeID`),
  KEY `fk_Orders_Shippers1_idx` (`ShipperID`)
) ENGINE=InnoDB AUTO_INCREMENT=10444 DEFAULT CHARSET=utf8;

--
-- Déchargement des données de la table `orders`
--

INSERT INTO `orders` (`OrderID`, `CustomerID`, `EmployeeID`, `OrderDate`, `ShipperID`) VALUES
(10248, 90, 5, '7/4/1996', 3),
(10249, 81, 6, '7/5/1996', 1),
(10250, 34, 4, '7/8/1996', 2),
(10251, 84, 3, '7/8/1996', 1),
(10252, 76, 4, '7/9/1996', 2),
(10253, 34, 3, '7/10/1996', 2),
(10254, 14, 5, '7/11/1996', 2),
(10255, 68, 9, '7/12/1996', 3),
(10256, 88, 3, '7/15/1996', 2),
(10257, 35, 4, '7/16/1996', 3),
(10258, 20, 1, '7/17/1996', 1),
(10259, 13, 4, '7/18/1996', 3),
(10260, 55, 4, '7/19/1996', 1),
(10261, 61, 4, '7/19/1996', 2),
(10262, 65, 8, '7/22/1996', 3),
(10263, 20, 9, '7/23/1996', 3),
(10264, 24, 6, '7/24/1996', 3),
(10265, 7, 2, '7/25/1996', 1),
(10266, 87, 3, '7/26/1996', 3),
(10267, 25, 4, '7/29/1996', 1),
(10268, 33, 8, '7/30/1996', 3),
(10269, 89, 5, '7/31/1996', 1),
(10270, 87, 1, '8/1/1996', 1),
(10271, 75, 6, '8/1/1996', 2),
(10272, 65, 6, '8/2/1996', 2),
(10273, 63, 3, '8/5/1996', 3),
(10274, 85, 6, '8/6/1996', 1),
(10275, 49, 1, '8/7/1996', 1),
(10276, 80, 8, '8/8/1996', 3),
(10277, 52, 2, '8/9/1996', 3),
(10278, 5, 8, '8/12/1996', 2),
(10279, 44, 8, '8/13/1996', 2),
(10280, 5, 2, '8/14/1996', 1),
(10281, 69, 4, '8/14/1996', 1),
(10282, 69, 4, '8/15/1996', 1),
(10283, 46, 3, '8/16/1996', 3),
(10284, 44, 4, '8/19/1996', 1),
(10285, 63, 1, '8/20/1996', 2),
(10286, 63, 8, '8/21/1996', 3),
(10287, 67, 8, '8/22/1996', 3),
(10288, 66, 4, '8/23/1996', 1),
(10289, 11, 7, '8/26/1996', 3),
(10290, 15, 8, '8/27/1996', 1),
(10291, 61, 6, '8/27/1996', 2),
(10292, 81, 1, '8/28/1996', 2),
(10293, 80, 1, '8/29/1996', 3),
(10294, 65, 4, '8/30/1996', 2),
(10295, 85, 2, '9/2/1996', 2),
(10296, 46, 6, '9/3/1996', 1),
(10297, 7, 5, '9/4/1996', 2),
(10298, 37, 6, '9/5/1996', 2),
(10299, 67, 4, '9/6/1996', 2),
(10300, 49, 2, '9/9/1996', 2),
(10301, 86, 8, '9/9/1996', 2),
(10302, 76, 4, '9/10/1996', 2),
(10303, 30, 7, '9/11/1996', 2),
(10304, 80, 1, '9/12/1996', 2),
(10305, 55, 8, '9/13/1996', 3),
(10306, 69, 1, '9/16/1996', 3),
(10307, 48, 2, '9/17/1996', 2),
(10308, 2, 7, '9/18/1996', 3),
(10309, 37, 3, '9/19/1996', 1),
(10310, 77, 8, '9/20/1996', 2),
(10311, 18, 1, '9/20/1996', 3),
(10312, 86, 2, '9/23/1996', 2),
(10313, 63, 2, '9/24/1996', 2),
(10314, 65, 1, '9/25/1996', 2),
(10315, 38, 4, '9/26/1996', 2),
(10316, 65, 1, '9/27/1996', 3),
(10317, 48, 6, '9/30/1996', 1),
(10318, 38, 8, '10/1/1996', 2),
(10319, 80, 7, '10/2/1996', 3),
(10320, 87, 5, '10/3/1996', 3),
(10321, 38, 3, '10/3/1996', 2),
(10322, 58, 7, '10/4/1996', 3),
(10323, 39, 4, '10/7/1996', 1),
(10324, 71, 9, '10/8/1996', 1),
(10325, 39, 1, '10/9/1996', 3),
(10326, 8, 4, '10/10/1996', 2),
(10327, 24, 2, '10/11/1996', 1),
(10328, 28, 4, '10/14/1996', 3),
(10329, 75, 4, '10/15/1996', 2),
(10330, 46, 3, '10/16/1996', 1),
(10331, 9, 9, '10/16/1996', 1),
(10332, 51, 3, '10/17/1996', 2),
(10333, 87, 5, '10/18/1996', 3),
(10334, 84, 8, '10/21/1996', 2),
(10335, 37, 7, '10/22/1996', 2),
(10336, 60, 7, '10/23/1996', 2),
(10337, 25, 4, '10/24/1996', 3),
(10338, 55, 4, '10/25/1996', 3),
(10339, 51, 2, '10/28/1996', 2),
(10340, 9, 1, '10/29/1996', 3),
(10341, 73, 7, '10/29/1996', 3),
(10342, 25, 4, '10/30/1996', 2),
(10343, 44, 4, '10/31/1996', 1),
(10344, 89, 4, '11/1/1996', 2),
(10345, 63, 2, '11/4/1996', 2),
(10346, 65, 3, '11/5/1996', 3),
(10347, 21, 4, '11/6/1996', 3),
(10348, 86, 4, '11/7/1996', 2),
(10349, 75, 7, '11/8/1996', 1),
(10350, 41, 6, '11/11/1996', 2),
(10351, 20, 1, '11/11/1996', 1),
(10352, 28, 3, '11/12/1996', 3),
(10353, 59, 7, '11/13/1996', 3),
(10354, 58, 8, '11/14/1996', 3),
(10355, 4, 6, '11/15/1996', 1),
(10356, 86, 6, '11/18/1996', 2),
(10357, 46, 1, '11/19/1996', 3),
(10358, 41, 5, '11/20/1996', 1),
(10359, 72, 5, '11/21/1996', 3),
(10360, 7, 4, '11/22/1996', 3),
(10361, 63, 1, '11/22/1996', 2),
(10362, 9, 3, '11/25/1996', 1),
(10363, 17, 4, '11/26/1996', 3),
(10364, 19, 1, '11/26/1996', 1),
(10365, 3, 3, '11/27/1996', 2),
(10366, 29, 8, '11/28/1996', 2),
(10367, 83, 7, '11/28/1996', 3),
(10368, 20, 2, '11/29/1996', 2),
(10369, 75, 8, '12/2/1996', 2),
(10370, 14, 6, '12/3/1996', 2),
(10371, 41, 1, '12/3/1996', 1),
(10372, 62, 5, '12/4/1996', 2),
(10373, 37, 4, '12/5/1996', 3),
(10374, 91, 1, '12/5/1996', 3),
(10375, 36, 3, '12/6/1996', 2),
(10376, 51, 1, '12/9/1996', 2),
(10377, 72, 1, '12/9/1996', 3),
(10378, 24, 5, '12/10/1996', 3),
(10379, 61, 2, '12/11/1996', 1),
(10380, 37, 8, '12/12/1996', 3),
(10381, 46, 3, '12/12/1996', 3),
(10382, 20, 4, '12/13/1996', 1),
(10383, 4, 8, '12/16/1996', 3),
(10384, 5, 3, '12/16/1996', 3),
(10385, 75, 1, '12/17/1996', 2),
(10386, 21, 9, '12/18/1996', 3),
(10387, 70, 1, '12/18/1996', 2),
(10388, 72, 2, '12/19/1996', 1),
(10389, 10, 4, '12/20/1996', 2),
(10390, 20, 6, '12/23/1996', 1),
(10391, 17, 3, '12/23/1996', 3),
(10392, 59, 2, '12/24/1996', 3),
(10393, 71, 1, '12/25/1996', 3),
(10394, 36, 1, '12/25/1996', 3),
(10395, 35, 6, '12/26/1996', 1),
(10396, 25, 1, '12/27/1996', 3),
(10397, 60, 5, '12/27/1996', 1),
(10398, 71, 2, '12/30/1996', 3),
(10399, 83, 8, '12/31/1996', 3),
(10400, 19, 1, '1/1/1997', 3),
(10401, 65, 1, '1/1/1997', 1),
(10402, 20, 8, '1/2/1997', 2),
(10403, 20, 4, '1/3/1997', 3),
(10404, 49, 2, '1/3/1997', 1),
(10405, 47, 1, '1/6/1997', 1),
(10406, 62, 7, '1/7/1997', 1),
(10407, 56, 2, '1/7/1997', 2),
(10408, 23, 8, '1/8/1997', 1),
(10409, 54, 3, '1/9/1997', 1),
(10410, 10, 3, '1/10/1997', 3),
(10411, 10, 9, '1/10/1997', 3),
(10412, 87, 8, '1/13/1997', 2),
(10413, 41, 3, '1/14/1997', 2),
(10414, 21, 2, '1/14/1997', 3),
(10415, 36, 3, '1/15/1997', 1),
(10416, 87, 8, '1/16/1997', 3),
(10417, 73, 4, '1/16/1997', 3),
(10418, 63, 4, '1/17/1997', 1),
(10419, 68, 4, '1/20/1997', 2),
(10420, 88, 3, '1/21/1997', 1),
(10421, 61, 8, '1/21/1997', 1),
(10422, 27, 2, '1/22/1997', 1),
(10423, 31, 6, '1/23/1997', 3),
(10424, 51, 7, '1/23/1997', 2),
(10425, 41, 6, '1/24/1997', 2),
(10426, 29, 4, '1/27/1997', 1),
(10427, 59, 4, '1/27/1997', 2),
(10428, 66, 7, '1/28/1997', 1),
(10429, 37, 3, '1/29/1997', 2),
(10430, 20, 4, '1/30/1997', 1),
(10431, 10, 4, '1/30/1997', 2),
(10432, 75, 3, '1/31/1997', 2),
(10433, 60, 3, '2/3/1997', 3),
(10434, 24, 3, '2/3/1997', 2),
(10435, 16, 8, '2/4/1997', 2),
(10436, 7, 3, '2/5/1997', 2),
(10437, 87, 8, '2/5/1997', 1),
(10438, 79, 3, '2/6/1997', 2),
(10439, 51, 6, '2/7/1997', 3),
(10440, 71, 4, '2/10/1997', 2),
(10441, 55, 3, '2/10/1997', 2),
(10442, 20, 3, '2/11/1997', 2),
(10443, 66, 8, '2/12/1997', 1);

-- --------------------------------------------------------

--
-- Structure de la table `products`
--

DROP TABLE IF EXISTS `products`;
CREATE TABLE IF NOT EXISTS `products` (
  `ProductID` int(11) NOT NULL AUTO_INCREMENT,
  `ProductName` varchar(45) NOT NULL,
  `SupplierID` int(11) NOT NULL,
  `CategoryID` int(11) NOT NULL,
  `Unit` varchar(255) NOT NULL,
  `Price` float UNSIGNED ZEROFILL NOT NULL,
  PRIMARY KEY (`ProductID`),
  KEY `fk_Products_Suppliers_idx` (`SupplierID`),
  KEY `fk_Products_Categories1_idx` (`CategoryID`)
) ENGINE=InnoDB AUTO_INCREMENT=81 DEFAULT CHARSET=utf8;

--
-- Déchargement des données de la table `products`
--

INSERT INTO `products` (`ProductID`, `ProductName`, `SupplierID`, `CategoryID`, `Unit`, `Price`) VALUES
(1, 'Chais', 1, 1, '10 boxes x 20 bags', 000000000018),
(2, 'Chang', 1, 1, '24 - 12 oz bottles', 000000000019),
(3, 'Aniseed Syrup', 1, 2, '12 - 550 ml bottles', 000000000010),
(4, 'Chef Anton\'s Cajun Seasoning', 2, 2, '48 - 6 oz jars', 000000000022),
(5, 'Chef Anton\'s Gumbo Mix', 2, 2, '36 boxes', 000000021.35),
(6, 'Grandma\'s Boysenberry Spread', 3, 2, '12 - 8 oz jars', 000000000025),
(7, 'Uncle Bob\'s Organic Dried Pears', 3, 7, '12 - 1 lb pkgs.', 000000000030),
(8, 'Northwoods Cranberry Sauce', 3, 2, '12 - 12 oz jars', 000000000040),
(9, 'Mishi Kobe Niku', 4, 6, '18 - 500 g pkgs.', 000000000097),
(10, 'Ikura', 4, 8, '12 - 200 ml jars', 000000000031),
(11, 'Queso Cabrales', 5, 4, '1 kg pkg.', 000000000021),
(12, 'Queso Manchego La Pastora', 5, 4, '10 - 500 g pkgs.', 000000000038),
(13, 'Konbu', 6, 8, '2 kg box', 000000000006),
(14, 'Tofu', 6, 7, '40 - 100 g pkgs.', 000000023.25),
(15, 'Genen Shouyu', 6, 2, '24 - 250 ml bottles', 0000000015.5),
(16, 'Pavlova', 7, 3, '32 - 500 g boxes', 000000017.45),
(17, 'Alice Mutton', 7, 6, '20 - 1 kg tins', 000000000039),
(18, 'Carnarvon Tigers', 7, 8, '16 kg pkg.', 0000000062.5),
(19, 'Teatime Chocolate Biscuits', 8, 3, '10 boxes x 12 pieces', 0000000009.2),
(20, 'Sir Rodney\'s Marmalade', 8, 3, '30 gift boxes', 000000000081),
(21, 'Sir Rodney\'s Scones', 8, 3, '24 pkgs. x 4 pieces', 000000000010),
(22, 'Gustaf\'s Knckebrd', 9, 5, '24 - 500 g pkgs.', 000000000021),
(23, 'Tunnbrd', 9, 5, '12 - 250 g pkgs.', 000000000009),
(24, 'Guaran Fantstica', 10, 1, '12 - 355 ml cans', 0000000004.5),
(25, 'NuNuCa Nu-Nougat-Creme', 11, 3, '20 - 450 g glasses', 000000000014),
(26, 'Gumbr Gummibrchen', 11, 3, '100 - 250 g bags', 000000031.23),
(27, 'Schoggi Schokolade', 11, 3, '100 - 100 g pieces', 0000000043.9),
(28, 'Rssle Sauerkraut', 12, 7, '25 - 825 g cans', 0000000045.6),
(29, 'Thringer Rostbratwurst', 12, 6, '50 bags x 30 sausgs.', 000000123.79),
(30, 'Nord-Ost Matjeshering', 13, 8, '10 - 200 g glasses', 000000025.89),
(31, 'Gorgonzola Telino', 14, 4, '12 - 100 g pkgs', 0000000012.5),
(32, 'Mascarpone Fabioli', 14, 4, '24 - 200 g pkgs.', 000000000032),
(33, 'Geitost', 15, 4, '500 g', 0000000002.5),
(34, 'Sasquatch Ale', 16, 1, '24 - 12 oz bottles', 000000000014),
(35, 'Steeleye Stout', 16, 1, '24 - 12 oz bottles', 000000000018),
(36, 'Inlagd Sill', 17, 8, '24 - 250 g jars', 000000000019),
(37, 'Gravad lax', 17, 8, '12 - 500 g pkgs.', 000000000026),
(38, 'Cte de Blaye', 18, 1, '12 - 75 cl bottles', 0000000263.5),
(39, 'Chartreuse verte', 18, 1, '750 cc per bottle', 000000000018),
(40, 'Boston Crab Meat', 19, 8, '24 - 4 oz tins', 0000000018.4),
(41, 'Jack\'s New England Clam Chowder', 19, 8, '12 - 12 oz cans', 000000009.65),
(42, 'Singaporean Hokkien Fried Mee', 20, 5, '32 - 1 kg pkgs.', 000000000014),
(43, 'Ipoh Coffee', 20, 1, '16 - 500 g tins', 000000000046),
(44, 'Gula Malacca', 20, 2, '20 - 2 kg bags', 000000019.45),
(45, 'Rgede sild', 21, 8, '1k pkg.', 0000000009.5),
(46, 'Spegesild', 21, 8, '4 - 450 g glasses', 000000000012),
(47, 'Zaanse koeken', 22, 3, '10 - 4 oz boxes', 0000000009.5),
(48, 'Chocolade', 22, 3, '10 pkgs.', 000000012.75),
(49, 'Maxilaku', 23, 3, '24 - 50 g pkgs.', 000000000020),
(50, 'Valkoinen suklaa', 23, 3, '12 - 100 g bars', 000000016.25),
(51, 'Manjimup Dried Apples', 24, 7, '50 - 300 g pkgs.', 000000000053),
(52, 'Filo Mix', 24, 5, '16 - 2 kg boxes', 000000000007),
(53, 'Perth Pasties', 24, 6, '48 pieces', 0000000032.8),
(54, 'Tourtire', 25, 6, '16 pies', 000000007.45),
(55, 'Pt chinois', 25, 6, '24 boxes x 2 pies', 000000000024),
(56, 'Gnocchi di nonna Alice', 26, 5, '24 - 250 g pkgs.', 000000000038),
(57, 'Ravioli Angelo', 26, 5, '24 - 250 g pkgs.', 0000000019.5),
(58, 'Escargots de Bourgogne', 27, 8, '24 pieces', 000000013.25),
(59, 'Raclette Courdavault', 28, 4, '5 kg pkg.', 000000000055),
(60, 'Camembert Pierrot', 28, 4, '15 - 300 g rounds', 000000000034),
(61, 'Sirop d\'rable', 29, 2, '24 - 500 ml bottles', 0000000028.5),
(62, 'Tarte au sucre', 29, 3, '48 pies', 0000000049.3),
(63, 'Vegie-spread', 7, 2, '15 - 625 g jars', 0000000043.9),
(64, 'Wimmers gute Semmelkndel', 12, 5, '20 bags x 4 pieces', 000000033.25),
(65, 'Louisiana Fiery Hot Pepper Sauce', 2, 2, '32 - 8 oz bottles', 000000021.05),
(66, 'Louisiana Hot Spiced Okra', 2, 2, '24 - 8 oz jars', 000000000017),
(67, 'Laughing Lumberjack Lager', 16, 1, '24 - 12 oz bottles', 000000000014),
(68, 'Scottish Longbreads', 8, 3, '10 boxes x 8 pieces', 0000000012.5),
(69, 'Gudbrandsdalsost', 15, 4, '10 kg pkg.', 000000000036),
(70, 'Outback Lager', 7, 1, '24 - 355 ml bottles', 000000000015),
(71, 'Fltemysost', 15, 4, '10 - 500 g pkgs.', 0000000021.5),
(72, 'Mozzarella di Giovanni', 14, 4, '24 - 200 g pkgs.', 0000000034.8),
(73, 'Rd Kaviar', 17, 8, '24 - 150 g jars', 000000000015),
(74, 'Longlife Tofu', 4, 7, '5 kg pkg.', 000000000010),
(75, 'Rhnbru Klosterbier', 12, 1, '24 - 0.5 l bottles', 000000007.75),
(76, 'Lakkalikri', 23, 1, '500 ml ', 000000000018),
(77, 'Original Frankfurter grne Soe', 12, 2, '12 boxes', 000000000013);

-- --------------------------------------------------------

--
-- Structure de la table `shippers`
--

DROP TABLE IF EXISTS `shippers`;
CREATE TABLE IF NOT EXISTS `shippers` (
  `ShipperID` int(11) NOT NULL AUTO_INCREMENT,
  `ShipperName` varchar(45) NOT NULL,
  `Phone` varchar(45) NOT NULL,
  PRIMARY KEY (`ShipperID`)
) ENGINE=InnoDB AUTO_INCREMENT=4 DEFAULT CHARSET=utf8;

--
-- Déchargement des données de la table `shippers`
--

INSERT INTO `shippers` (`ShipperID`, `ShipperName`, `Phone`) VALUES
(1, 'Speedy Express', '(503) 555-9831'),
(2, 'United Package', '(503) 555-3199'),
(3, 'Federal Shipping', '(503) 555-9931');

-- --------------------------------------------------------

--
-- Structure de la table `suppliers`
--

DROP TABLE IF EXISTS `suppliers`;
CREATE TABLE IF NOT EXISTS `suppliers` (
  `SupplierID` int(11) NOT NULL AUTO_INCREMENT,
  `SupplierName` varchar(45) NOT NULL,
  `ContactName` varchar(45) NOT NULL,
  `Address` varchar(45) NOT NULL,
  `City` varchar(45) NOT NULL,
  `PostalCode` varchar(45) NOT NULL,
  `Country` varchar(45) NOT NULL,
  `Phone` varchar(45) NOT NULL,
  PRIMARY KEY (`SupplierID`)
) ENGINE=InnoDB AUTO_INCREMENT=30 DEFAULT CHARSET=utf8;

--
-- Déchargement des données de la table `suppliers`
--

INSERT INTO `suppliers` (`SupplierID`, `SupplierName`, `ContactName`, `Address`, `City`, `PostalCode`, `Country`, `Phone`) VALUES
(1, 'Exotic Liquid', 'Charlotte Cooper', '49 Gilbert St.', 'Londona', 'EC1 4SD', 'UK', '(171) 555-2222'),
(2, 'New Orleans Cajun Delights', 'Shelley Burke', 'P.O. Box 78934', 'New Orleans', '70117', 'USA', '(100) 555-4822'),
(3, 'Grandma Kelly\'s Homestead', 'Regina Murphy', '707 Oxford Rd.', 'Ann Arbor', '48104', 'USA', '(313) 555-5735'),
(4, 'Tokyo Traders', 'Yoshi Nagase', '9-8 Sekimai Musashino-shi', 'Tokyo', '100', 'Japan', '(03) 3555-5011'),
(5, 'Cooperativa de Quesos \'Las Cabras\'', 'Antonio del Valle Saavedra ', 'Calle del Rosal 4', 'Oviedo', '33007', 'Spain', '(98) 598 76 54'),
(6, 'Mayumi\'s', 'Mayumi Ohno', '92 Setsuko Chuo-ku', 'Osaka', '545', 'Japan', '(06) 431-7877'),
(7, 'Pavlova, Ltd.', 'Ian Devling', '74 Rose St. Moonie Ponds', 'Melbourne', '3058', 'Australia', '(03) 444-2343'),
(8, 'Specialty Biscuits, Ltd.', 'Peter Wilson', '29 King\'s Way', 'Manchester', 'M14 GSD', 'UK', '(161) 555-4448'),
(9, 'PB Knckebrd AB', 'Lars Peterson', 'Kaloadagatan 13', 'Gteborg', 'S-345 67', 'Sweden ', '031-987 65 43'),
(10, 'Refrescos Americanas LTDA', 'Carlos Diaz', 'Av. das Americanas 12.890', 'So Paulo', '5442', 'Brazil', '(11) 555 4640'),
(11, 'Heli Swaren GmbH & Co. KG', 'Petra Winkler', 'Tiergartenstrae 5', 'Berlin', '10785', 'Germany', '(010) 9984510'),
(12, 'Plutzer Lebensmittelgromrkte AG', 'Martin Bein', 'Bogenallee 51', 'Frankfurt', '60439', 'Germany', '(069) 992755'),
(13, 'Nord-Ost-Fisch Handelsgesellschaft mbH', 'Sven Petersen', 'Frahmredder 112a', 'Cuxhaven', '27478', 'Germany', '(04721) 8713'),
(14, 'Formaggi Fortini s.r.l.', 'Elio Rossi', 'Viale Dante, 75', 'Ravenna', '48100', 'Italy', '(0544) 60323'),
(15, 'Norske Meierier', 'Beate Vileid', 'Hatlevegen 5', 'Sandvika', '1320', 'Norway', '(0)2-953010'),
(16, 'Bigfoot Breweries', 'Cheryl Saylor', '3400 - 8th Avenue Suite 210', 'Bend', '97101', 'USA', '(503) 555-9931'),
(17, 'Svensk Sjfda AB', 'Michael Bjrn', 'Brovallavgen 231', 'Stockholm', 'S-123 45', 'Sweden', '08-123 45 67'),
(18, 'Aux joyeux ecclsiastiques', 'Guylne Nodier', '203, Rue des Francs-Bourgeois', 'Paris', '75004', 'France', '(1) 03.83.00.68'),
(19, 'New England Seafood Cannery', 'Robb Merchant', 'Order Processing Dept. 2100 Paul Revere Blvd.', 'Boston', '02134', 'USA', '(617) 555-3267'),
(20, 'Leka Trading', 'Chandra Leka', '471 Serangoon Loop, Suite #402', 'Singapore', '0512', 'Singapore', '555-8787'),
(21, 'Lyngbysild', 'Niels Petersen', 'Lyngbysild Fiskebakken 10', 'Lyngby', '2800', 'Denmark', '43844108'),
(22, 'Zaanse Snoepfabriek', 'Dirk Luchte', 'Verkoop Rijnweg 22', 'Zaandam', '9999 ZZ', 'Netherlands', '(12345) 1212'),
(23, 'Karkki Oy', 'Anne Heikkonen', 'Valtakatu 12', 'Lappeenranta', '53120', 'Finland', '(953) 10956'),
(24, 'G\'day, Mate', 'Wendy Mackenzie', '170 Prince Edward Parade Hunter\'s Hill', 'Sydney', '2042', 'Australia', '(02) 555-5914'),
(25, 'Ma Maison', 'Jean-Guy Lauzon', '2960 Rue St. Laurent', 'Montral', 'H1J 1C3', 'Canada', '(514) 555-9022'),
(26, 'Pasta Buttini s.r.l.', 'Giovanni Giudici', 'Via dei Gelsomini, 153', 'Salerno', '84100', 'Italy', '(089) 6547665'),
(27, 'Escargots Nouveaux', 'Marie Delamare', '22, rue H. Voiron', 'Montceau', '71300', 'France', '85.57.00.07'),
(28, 'Gai pturage', 'Eliane Noz', 'Bat. B 3, rue des Alpes', 'Annecy', '74000', 'France', '38.76.98.06'),
(29, 'Forts d\'rables', 'Chantal Goulet', '148 rue Chasseur', 'Ste-Hyacinthe', 'J2S 7S8', 'Canada', '(514) 555-2955');

--
-- Contraintes pour les tables déchargées
--

--
-- Contraintes pour la table `orderdetails`
--
ALTER TABLE `orderdetails`
  ADD CONSTRAINT `fk_OrderDetails_Orders1` FOREIGN KEY (`OrderID`) REFERENCES `orders` (`OrderID`) ON DELETE NO ACTION ON UPDATE NO ACTION,
  ADD CONSTRAINT `fk_OrderDetails_Products1` FOREIGN KEY (`ProductID`) REFERENCES `products` (`ProductID`) ON DELETE NO ACTION ON UPDATE NO ACTION;

--
-- Contraintes pour la table `orders`
--
ALTER TABLE `orders`
  ADD CONSTRAINT `fk_Orders_Customers1` FOREIGN KEY (`CustomerID`) REFERENCES `customers` (`CustomerID`) ON DELETE NO ACTION ON UPDATE NO ACTION,
  ADD CONSTRAINT `fk_Orders_Employees1` FOREIGN KEY (`EmployeeID`) REFERENCES `employees` (`EmployeeID`) ON DELETE NO ACTION ON UPDATE NO ACTION,
  ADD CONSTRAINT `fk_Orders_Shippers1` FOREIGN KEY (`ShipperID`) REFERENCES `shippers` (`ShipperID`) ON DELETE NO ACTION ON UPDATE NO ACTION;

--
-- Contraintes pour la table `products`
--
ALTER TABLE `products`
  ADD CONSTRAINT `fk_Products_Categories1` FOREIGN KEY (`CategoryID`) REFERENCES `categories` (`CategoryID`) ON DELETE NO ACTION ON UPDATE NO ACTION,
  ADD CONSTRAINT `fk_Products_Suppliers` FOREIGN KEY (`SupplierID`) REFERENCES `suppliers` (`SupplierID`) ON DELETE NO ACTION ON UPDATE NO ACTION;
COMMIT;

/*!40101 SET CHARACTER_SET_CLIENT=@OLD_CHARACTER_SET_CLIENT */;
/*!40101 SET CHARACTER_SET_RESULTS=@OLD_CHARACTER_SET_RESULTS */;
/*!40101 SET COLLATION_CONNECTION=@OLD_COLLATION_CONNECTION */;
